خودرو,تیپ,نوع رنگ,مدل,کارکرد,بیمه,گیربکس,موتور,شاسی,بدنه,عکس,قیمت,شهر
206,2,سفید,1397,110000,10,دنده ای,سالم,سالم و پلمپ,سالم و بی خط و خش,دارد,490000000,شیراز
206,2,نقره ای,1383,300000,6,دنده ای,سالم,سالم و پلمپ,سالم و بی خط و خش,دارد,242000000,شیراز
206,2,طلایی,1383,500000,3,دنده ای,سالم,سالم و پلمپ,سالم و بی خط و خش,دارد,240000000,شیراز
206,2,مشکی,1384,300000,5,دنده ای,سالم,سالم و پلمپ,سالم و بی خط و خش,دارد,238000000,شیراز
206,2,قرمز,1400,35000,4,دنده ای,سالم,سالم و پلمپ,سالم و بی خط و خش,دارد,590000000,شیراز
206,2,دلفینی,1388,340000,12,دنده ای,سالم,ضربه خورده,دور رنگ,دارد,282000000,شیراز
206,2,ابی,1390,370000,3,دنده ای,سالم,سالم و پلمپ,خط و خش جزئی,دارد,370000000,شیراز
206,2,نقره ای,1382,200000,3,دنده ای,سالم,ضربه خورده,دور رنگ,دارد,200000000,شیراز
206,2,سفید,1390,210000,10,دنده ای,تعویضی,ضربه خورده,خط و خش جزئی,دارد,405000000,شیراز
206,2,نوک مدادی,1388,260000,6,دنده ای,سالم,سالم و پلمپ,سالم و بی خط و خش,دارد,370000000,گیلان
206,2,سفید,1400,100000,7,دنده ای,سالم,سالم و پلمپ,سالم و بی خط و خش,دارد,580000000,گیلان
206,2,سفید,1394,75000,11,دنده ای,سالم,سالم و پلمپ,سالم و بی خط و خش,دارد,505000000,گیلان
206,2,سفید,1401,46000,12,دنده ای,سالم,سالم و پلمپ,سالم و بی خط و خش,دارد,650000000,گیلان
206,2,سفید,1389,32000,6,دنده ای,سالم,سالم و پلمپ,خط و خش جزئی,دارد,395000000,گیلان
206,2,سفید,1400,53000,3,دنده ای,سالم,سالم و پلمپ,سالم و بی خط و خش,دارد,590000000,گیلان
206,2,نوک مدادی,1386,300000,6,دنده ای,سالم,سالم و پلمپ,سالم و بی خط و خش,دارد,310000000,گیلان
206,2,سفید,1390,285000,6,دنده ای,سالم,سالم و پلمپ,سالم و بی خط و خش,دارد,448000000,گیلان
206,2,سفید,1389,240000,7,دنده ای,سالم,,سالم و بی خط و خش,دارد,357000000,گیلان
206,2,سفید,1388,293000,6,دنده ای,سالم,سالم و پلمپ,دور رنگ,دارد,345000000,گیلان
206,2,سفید,1400,65000,10,دنده ای,سالم,سالم و پلمپ,خط و خش جزئی,دارد,640000000,اصفهان
206,2,مشکی,1384,235000,4,دنده ای,سالم,سالم و پلمپ,دور رنگ,دارد,225000000,اصفهان
206,2,نقره ای,1383,245000,11,دنده ای,سالم,سالم و پلمپ,دور رنگ,دارد,245000000,اصفهان
206,2,سفید,1387,100000,8,دنده ای,سالم,سالم و پلمپ,خط و خش جزئی,دارد,400000000,اصفهان
206,2,سفید,1391,200000,3,دنده ای,سالم,ضربه خورده,تمام رنگ,دارد,320000000,اصفهان
206,2,سفید,1388,230000,2,دنده ای,سالم,سالم و پلمپ,خط و خش جزئی,دارد,365000000,اصفهان
206,2,بژ,1383,400000,5,دنده ای,سالم,سالم و پلمپ,رنگ شدگی در 1 ناحیه,دارد,247000000,اصفهان
206,2,مشکی,1389,246000,4,دنده ای,سالم,سالم و پلمپ,خط و خش جزئی,دارد,370000000,اصفهان
206,2,سفید,1398,164000,10,دنده ای,سالم,سالم و پلمپ,خط و خش جزئی,دارد,520000000,اصفهان
206,2,سفید,1401,130000,4,دنده ای,سالم,سالم و پلمپ,سالم و بی خط و خش,دارد,720000000,اصفهان
206,2,سفید,1392,110000,8,دنده ای,تعویضی,ضربه خورده,دور رنگ,دارد,490000000,شیراز
206,2,نقره ای,1391,300000,6,دنده ای,سالم,سالم و پلمپ,سالم و بی خط و خش,دارد,242000000,شیراز
206,2,مشکی,1383,510000,5,دنده ای,سالم,ضربه خورده,رنگ شدگی در 5 ناحیه ,دارد,220000000,شیراز
206,2,سفید,1384,300000,6,دنده ای,تعویضی,سالم و پلمپ,رنگ شدگی در 2 ناحیه,دارد,238000000,شیراز
206,2,قرمز,1401,35000,4,دنده ای,سالم,سالم و پلمپ,سالم و بی خط و خش,دارد,590000000,شیراز
206,2,مشکی,1388,360000,8,دنده ای,سالم,ضربه خورده,دور رنگ,ندارد,264000000,شیراز
206,2,سفید,1384,370000,4,دنده ای,سالم,سالم و پلمپ,خط و خش جزئی,دارد,240000000,شیراز
206,2,نقره ای,1392,200000,2,دنده ای,تعویضی,ضربه خورده,دور رنگ,دارد,220000000,شیراز
206,2,سفید,1380,140000,11,دنده ای,تعویضی,سالم و پلمپ,سالم و بی خط و خش,دارد,185000000,شیراز
206,2,آبی,1386,80000,8,دنده ای,سالم,سالم و پلمپ,دور رنگ,ندارد,265000000,شیراز
206,2,سفید,1399,75000,3,دنده ای,سالم,سالم و پلمپ,سالم و بی خط و خش,دارد,450000000,تهران
206,2,نقره,1398,82000,6,دنده ای,سالم,سالم و پلمپ,رنگ شدگی در 1 ناحیه,دارد,430000000,تهران
206,2,مشکی,1400,60000,1,دنده ای,سالم,سالم و پلمپ,سالم و بی خط و خش,دارد,470000000,تهران
206,2,خاکستری,1397,95000,12,دنده ای,سالم,سالم و پلمپ ,دور رنگ,دارد,410000000,تهران
206,2,آبی,1399,50000,8,دنده ای,سالم,سالم و پلمپ,سالم و بی خط و خش,دارد,480000000,تهران
206,2,قرمز,1396,105000,5,دنده ای,سالم,سالم و پلمپ,خط و خش جزئی,دارد,395000000,تهران
206,2,نقره,1398,87000,4,دنده ای,سالم,سالم و پلمپ,سالم و بی خط و خش,دارد,420000000,تهران
206,2,سفید,1401,30000,10,دنده ای,سالم,سالم و پلمپ,سالم و بی خط و خش,دارد,510000000,تهران
206,2,مشکی,1395,120000,2,دنده ای,سالم,سالم و پلمپ,دور رنگ,دارد,385000000,تهران
206,2,خاکستری,1397,98000,7,دنده ای,تعویضی,سالم و پلمپ,سالم و بی خط و خش,دارد,405000000,تهران
206,2,سفید,1391,216000,6,دنده ای,سالم,سالم و پلمپ,سالم و بی خط و خش,دارد,414000000,کرج
206,2,سفید,1388,300000,6,دنده ای,سالم,سالم و پلمپ,رنگ شدگی در 2 ناحیه,دارد,305000000,کرج
206,2,سفید,1397,130000,5,دنده ای,سالم,سالم و پلمپ,خط و خش جزئی,دارد,480000000,کرج
206,2,سفید,1396,147000,5,دنده ای,سالم,سالم و پلمپ,رنگ شدگی در 3 ناحیه,دارد,455000000,کرج
206,2,مشکی,1388,313000,12,دنده ای,سالم,سالم و پلمپ,سالم و بی خط و خش,دارد,395000000,کرج
206,2,مشکی,1381,500000,6,دنده ای,سالم,سالم و پلمپ,دور رنگ,دارد,195000000,کرج
206,2,بژ,1384,319000,11,دنده ای,سالم,سالم و پلمپ,دور رنگ,دارد,277000000,کرج
206,2,نوک مدادی,1394,150000,10,دنده ای,سالم,سالم و پلمپ,سالم و بی خط و خش,دارد,423000000,کرج
206,2,آبی,1395,126000,4,دنده ای,سالم,سالم و پلمپ,سالم و بی خط و خش,دارد,445000000,کرج
206,2,قرمز,1383,229000,10,دنده ای,سالم,سالم و پلمپ,سالم و بی خط و خش,دارد,245000000,کرج
206,2,سفید,1388,288000,12,دنده,سالم,سالم و پلمپ,سالم و بی خط و خش,دارد,355000000,گیلان
206,2,سفید,1389,210000,6,دنده,سالم,سالم و پلمپ,خط و خش جزئی,دارد,390000000,گیلان
206,2,دلفینی,1386,410000,1,دنده,سالم,سالم و پلمپ,رنگ ,دارد,320000000,گیلان
206,2,نفره ای,1388,160000,1,دنده,سالم,سالم و پلمپ,تصادفی,دارد,178000000,گیلان
206,2,سفید,1395,157000,7,دنده,سالم,سالم و پلمپ,سالم و بی خط و خش,دارد,485000000,گیلان
206,2,خاکستری,1400,65000,6,دنده,سالم,سالم و پلمپ,سالم و بی خط و خش,دارد,580000000,گیلان
206,2,سفید,1394,75000,11,دنده,سالم,سالم و پلمپ,سالم و بی خط و خش,دارد,508000000,گیلان
206,2,سفید,1396,172000,6,دنده,سالم,سالم و پلمپ,سالم و بی خط و خش,دارد,495000000,گیلان
206,2,خاکستری,1382,400000,7,دنده,سالم,سالم و پلمپ,دور رنگ,دارد,283000000,گیلان
206,2,سفید,1389,342500,8,دنده,سالم,سالم و پلمپ,تمام ,دارد,290000000,گیلان
206,2,سفید,1397,117000,11,دنده,سالم,سالم و پلمپ,سالم و بی خط و خش,دارد,565000000,تهران
206,2,سفید,1394,330000,10,دنده,سالم,سالم و پلمپ,سالم و بی خط و خش,دارد,395000000,تهران
206,2,سفید,1396,170000,8,دنده,تعویضی,سالم و پلمپ,سالم و بی خط و خش,ندارد,100000000,تهران
206,2,سفید,1401,53000,7,دنده,سالم,سالم و پلمپ,رنگ شدگی در ۱ ناحیه,دارد,635000000,تهران
206,2,نقرآبی,1382,280000,6,دنده,سالم,سالم و پلمپ,رنگ شدگی در ۲ ناحیه,دارد,298000000,تهران
206,2,نقره ای,1387,234000,7,دنده,سالم,سالم و پلمپ,سالم و بی خط و خش,دارد,350000000,تهران
206,2,مشکی,1395,170000,10,دنده,سالم,سالم و پلمپ,رنگ شدگی در ۱ ناحیه,دارد,380000000,تهران
206,2,سفید,1398,60000,6,دنده,سالم,سالم و پلمپ,سالم و بی خط و خش,ندارد,530000000,تهران
206,2,سفید,1400,62000,10,دنده,سالم,ضربه خورده,خط و خش جزئی,دارد,535000000,تهران
206,2,نوک مدادی,1398,130000,10,دنده,سالم,سالم و پلمپ,خط و خش جزئی,دارد,510000000,تهران
206,2,سفید,1396,180000,4,دنده ای,سالم,سالم و پلمپ,سالم و بی خط و خش,دارد,474000000,بوشهر
206,2,سفید,1395,135000,10,دنده ای,سالم,سالم و پلمپ,سالم و بی خط و خش,دارد,440000000,بوشهر
206,2,مشکی,1382,100000,5,دنده ای,سالم,,دور رنگ,دارد,185000000,بوشهر
206,2,سفید,1400,102000,8,دنده ای,سالم,سالم و پلمپ,خط و خش جزئی,دارد,565000000,بوشهر
206,2,سفید,1399,90000,6,دنده ای,سالم,سالم و پلمپ,خط و خش جزئی,دارد,560000000,بوشهر
206,2,سفید,1400,85000,11,دنده ای,سالم,سالم و پلمپ,سالم و بی خط و خش,دارد,570000000,بوشهر
206,2,سفید,1396,110000,10,دنده ای,سالم,سالم و پلمپ,سالم و بی خط و خش,دارد,480000000,بوشهر
206,2,سفید,1394,121000,8,دنده ای,سالم,سالم و پلمپ,رنگ شدگی در 2 ناحیه,دارد,440000000,بوشهر
206,2,سفید,1396,140000,11,دنده ای,سالم,سالم و پلمپ,سالم و بی خط و خش,دارد,485000000,بوشهر
206,2,مشکی,1399,15000,5,دنده ای,سالم,سالم و پلمپ,سالم و بی خط و خش,دارد,615000000,بوشهر
206,2,سفید,1401,43000,7,دنده,سالم,سالم و پلمپ,سالم و بی خط و خش,دارد,650000000,مشهد
206,2,نقره,1383,500000,3,دنده,سالم,سالم و پلمپ,رنگ شدگی در 3 ناحیه,دارد,255000000,مشهد
206,2,مشکی,1384,359000,6,دنده,سالم,سالم و پلمپ,رنگ شدگی در 1 ناحیه,دارد,265000000,مشهد
206,2,سفید,1390,340000,5,دنده,سالم,سالم و پلمپ,سالم و بی خط و خش,دارد,330000000,مشهد
206,2,قرمز,1400,25000,4,دنده,سالم,سالم و پلمپ,سالم و بی خط و خش,دارد,615000000,مشهد
206,2,دلفینی,1388,340000,12,دنده,سالم,ضربه خورده,دور رنگ,دارد,282000000,مشهد
206,2,آبی,1390,370000,3,دنده,سالم,سالم و پلمپ,خط و خش جزئی,دارد,370000000,مشهد
206,2,نقره,1382,200000,3,دنده,تعویضی,ضربه خورده,دور رنگ,دارد,200000000,مشهد
206,2,سفید,1390,210000,10,دنده,تعویضی,ضربه خورده,خط و خش جزئی,دارد,405000000,مشهد
206,2,نوک مدادی,1388,260000,6,دنده,سالم,سالم و پلمپ,سالم و بی خط و خش,دارد,370000000,مشهد
206,2,بادمجانی,1389,110000,10,دنده ای,سالم,سالم و پلمپ,خط و خش جزئی,دارد,290000000,شهرکرد
206,2,خاکستری,1386,284000,11,دنده ای,سالم,سالم و پلمپ,خط و خش جزئی,دارد,320000000,شهرکرد
206,2,سفید,1396,114008,11,دنده ای,سالم,سالم و پلمپ,خط و خش جزئی,دارد,510000000,شهرکرد
206,2,خاکستری,1383,460000,4,دنده ای,سالم,سالم و پلمپ,تمام رنگ,دارد,221000000,شهرکرد
206,2,سفید,1398,98000,6,دنده ای,سالم,سالم و پلمپ,خط و خش جزئی,دارد,575000000,شهرکرد
206,2,سفید,1400,52000,12,دنده ای,سالم,سالم و پلمپ,خط و خش جزئی,ندارد,605000000,شهرکرد
206,2,قرمز,1382,500000,11,دنده ای,سالم,سالم و پلمپ,دور رنگ,دارد,250000000,شهرکرد
206,2,نقره ای,1383,395000,3,دنده ای,سالم,سالم و پلمپ,خط و خش جزئی,دارد,265000000,شهرکرد
206,2,نقره ای,1384,350000,12,دنده ای,سالم,سالم و پلمپ,خط و خش جزئی,دارد,260000000,شهرکرد
206,2,نقره ای,1386,360000,12,دنده ای,سالم,سالم و پلمپ,خط و خش جزئی,دارد,345000000,شهرکرد
206,2,قرمز,1389,270000,7,دنده ای,سالم,سالم و پلمپ,خط و خش جزئی,دارد,320000000,بوشهر
206,2,یشمی,1381,480000,8,دنده ای,سالم,سالم و پلمپ,دور رنگ,دارد,190000000,بوشهر
206,2,سفید,1396,570000,12,دنده ای,سالم,سالم و پلمپ,سالم و بی خط و خش,دارد,440000000,بوشهر
206,2,سفید,1386,300000,5,دنده ای,سالم,سالم و پلمپ,سالم و بی خط و خش,دارد,280000000,بوشهر
206,2,نقره ای,1390,220000,6,دنده ای,سالم,سالم و پلمپ,رنگ شدگی در 1 ناحیه,دارد,350000000,بوشهر
206,2,خاکستری,1384,350000,3,دنده ای,سالم,سالم و پلمپ,رنگ شدگی در 2 ناحیه,دارد,240000000,بوشهر
206,2,سفید,1392,180000,9,دنده ای,سالم,سالم و پلمپ,سالم و بی خط و خش,دارد,380000000,بوشهر
206,2,آبی,1388,295000,4,دنده ای,سالم,سالم و پلمپ,رنگ شدگی در 2 ناحیه,دارد,270000000,بوشهر
206,2,نقره ای,1387,310000,6,دنده ای,سالم,سالم و پلمپ,سالم و بی خط و خش,دارد,260000000,بوشهر
206,2,سفید,1393,165000,10,دنده ای,سالم,سالم و پلمپ,رنگ شدگی در 1 ناحیه,دارد,390000000,بوشهر
206,2,سفید,1398,130000,5,دنده,سالم,سالم و پلمپ,سالم و بی خط و خش,دارد,515000000,ساری
206,2,سفید,1398,140000,6,دنده,سالم,سالم و پلمپ,سالم و بی خط و خش,دارد,530000000,ساری
206,2,سفید,1397,140000,4,دنده,سالم,سالم و پلمپ,سالم و بی خط و خش,دارد,540000000,ساری
206,2,سفید,1396,156000,3,دنده,سالم,سالم و پلمپ,سالم و بی خط و خش,دارد,489000000,ساری
206,2,سفید,1394,200000,2,دنده,سالم,سالم و پلمپ,سالم و بی خط و خش,دارد,455000000,ساری
206,2,سفید,1398,140000,6,دنده,سالم,سالم و پلمپ,سالم و بی خط و خش,دارد,530000000,ساری
206,2,سفید,1399,66000,7,دنده,سالم,سالم و پلمپ,سالم و بی خط و خش,دارد,550000000,ساری
206,2,سفید,1390,216000,5,دنده,سالم,سالم و پلمپ,سالم و بی خط و خش,دارد,395000000,ساری
206,2,سفید,1395,180000,6,دنده,سالم,سالم و پلمپ,سالم و بی خط و خش,دارد,420000000,ساری
206,2,سفید,1398,140000,6,دنده,سالم,سالم و پلمپ,سالم و بی خط و خش,دارد,530000000,ساری
206,2,خاکستری,1378,230000,9,دنده,سالم,سالم و پلمپ,سالم و بی خط و خش,دارد,299000000,شیراز
206,2,مشکی,1399,60000,12,دنده,سالم,سالم و پلمپ,سالم و بی خط و خش,دارد,575000000,شیراز
206,2,سفید,1396,180000,5,دنده,سالم,سالم و پلمپ,سالم و بی خط و خش,دارد,460000000,شیراز
206,2,دلفینی,1385,240000,0,دنده,تعویضی,ضربه خورده,رنگ شدگی در 3 ناحیه,دارد,284000000,شیراز
206,2,دلفینی,1387,430000,6,دنده,سالم,سالم و پلمپ,سالم و بی خط و خش,دارد,275000000,شیراز
206,2,مشکی,1400,65000,4,دنده,سالم,سالم و پلمپ,سالم و بی خط و خش,دارد,550000000,شیراز
206,2,خاکستری,1384,400000,4,دنده,تعویضی,ضربه خورده,دور رنگ,دارد,250000000,شیراز
206,2,خاکستری,1380,480000,0,دنده,سالم,سالم و پلمپ,سالم و بی خط و خش,دارد,240000000,شیراز
206,2,نقره ای,1382,280000,8,دنده,سالم,سالم و پلمپ,خط و خش جزئی,دارد,275000000,شیراز
206,2,قرمز,1383,230000,10,دنده,سالم,سالم و پلمپ,خط و خش جزئی,دارد,239000000,شیراز
206,2,خاکستری,1387,370000,4,دنده,سالم,سالم و پلمپ,سالم و بی خط و خش,دارد,300000000,تبریز
206,2,نقره ای,1383,330000,12,دنده,سالم,سالم و پلمپ,دور رنگ,دارد,229000000,تبریز
206,2,خاکستری,1384,500000,6,دنده,سالم,سالم و پلمپ,رنگ شدگی در ۳ ناحیه,دارد,260000000,تبریز
206,2,نقره ای,1383,420000,10,دنده,سالم,سالم و پلمپ,دور رنگ,دارد,245000000,تبریز
206,2,سفید,1397,106000,3,دنده,سالم,سالم و پلمپ,سالم و بی خط و خش,دارد,438000000,تبریز
206,2,سفید,1396,99000,2,دنده,سالم,سالم و پلمپ,رنگ شدگی در۲ ناحیه,دارد,495000000,تبریز
206,2,نقره ای,1386,330000,10,دنده,سالم,سالم و پلمپ,سالم و بی خط و خش,دارد,312000000,تبریز
206,2,گیلاسی,1401,47800,6,دنده,سالم,سالم و پلمپ,رنگ شدگی در۲ ناحیه,دارد,638000000,تبریز
206,2,نقره ای,1388,187000,12,دنده,سالم,سالم و پلمپ,سالم و بی خط و خش,دارد,397000000,تبریز
206,2,آلبالویی,1381,500000,9,دنده,سالم,سالم و پلمپ,سالم و بی خط و خش,دارد,218000000,تبریز
206,2,کرم,1384,300000,12,دنده ای,سالم,سالم و پلمپ,رنگ شدگی در 1 ناحیه,دارد,280000000,آبادان
206,2,سفید,1400,"72,000",5,دنده ای,سالم,ضربه خورده,سالم و بی خط و خش,دارد,"585,000,000",آبادان
206,2,سفید,1397,"131,000",0,دنده ای,سالم,سالم و پلمپ,سالم و بی خط و خش,دارد,"410,000,000",آبادان
206,2,سفید,1390,"300,000",8,دنده ای,سالم,سالم و پلمپ,دور رنگ,دارد,"330,000,000",آبادان
206,2,قرمز,1382,"230,000",0,دنده ای,تعویضی,سالم و پلمپ,رنگ شدگی در 1 ناحیه,دارد,"187,000,000",آبادان
206,2,سفید,1400,"17,000",7,دنده ای,سالم,سالم و پلمپ,سالم و بی خط و خش,دارد,"635,000,000",آبادان
206,2,نقره ای,1400,"86,000",8,دنده ای,سالم,سالم و پلمپ,سالم و بی خط و خش,دارد,"598,000,000",آبادان
206,2,سفید,1388,"350,000",10,دنده ای,سالم,سالم و پلمپ,رنگ شدگی در 1 ناحیه,دارد,"320,000,000",آبادان
206,2,مشکی,1388,"302,000",12,دنده ای,سالم,سالم و پلمپ,رنگ شدگی در 1 ناحیه,دارد,"373,000,000",آبادان
206,2,قرمز,1382,"150,000",5,دنده ای,سالم,سالم و پلمپ,رنگ شدگی در 1 ناحیه,دارد,"150,000,000",آبادان
206,2,سفید,1384,۱۰۶٬۰۰۰,2,دنده,سالم,سالم و پلمپ,رنگ,دارد,800000000,همدان
206,2,خاکستری,1396,۸۲٬۰۰۰,5,دنده,سالم,سالم و پلمپ,سالم و بی خط و خش,دارد,500000000,همدان
206,2,خاکستری,1398,۴۰۰٬۰۰۰,6,دنده,سالم,سالم و پلمپ,سالم و بی خط و خش,دارد,700000000,همدان
206,2,سفید,1384,۳۰۰٬۰۰۰,۷ ماه,دنده,سالم,ضربه ,دور رنگ,دارد,800000000,همدان
206,2,سفید,1390,۸۳٬۰۰۰,۹ ماه,دنده,سالم,سالم و پلمپ,رنگ,دارد,300000000,همدان
206,2,دلفینی,1385,۲۴۵٬۰۰۰,۱۰ ماه,دنده,سالم,,رنگ,دارد,460000000,همدان
206,2,نقره,1387,۲۵۰٬۰۰۰,۵ ماه,دنده,سالم,,رنگ,دارد,295000000,همدان
206,2,قرمز,1390,۱۸۵٬۰۰۰,۶ ماه,دنده,,,رنگ,دارد,315000000,همدان
206,2,سفید,1389,۲۴۵٬۰۰۰,۱۰ ماه,دنده ای,,سالم و پلمپ,خط و خش جزئی,دارد,300000000,همدان
206,2,سفید,1396,۸۲٬۰۰۰,۵ ماه,دنده ای,,سالم و پلمپ,سالم و بی خط و خش,دارد,460000000,همدان
206,2,سفید,1389,397000,8,دنده ای,سالم,سالم و پلمپ,رنگ شدگی در 2 ناحیه,دارد,355000000,تبریز
206,2,خاکستری,1388,176000,6,دنده ای,سالم,سالم و پلمپ,سالم و بی خط و خش,دارد,362000000,تبریز
206,2,سفید,1389,250000,7,دنده ای,سالم,سالم و پلمپ,رنگ شدگی در 2 ناحیه,دارد,298000000,تبریز
206,2,سفید,1399,98000,6,دنده ای,,,,دارد,556000000,تبریز
206,2,سفید,1390,202000,7,دنده ای,,,,دارد,340000000,تبریز
206,2,سفید,1390,260000,8,دنده ای,سالم,سالم و پلمپ,سالم و بی خط و خش,دارد,360000000,تبریز
206,2,مشکی,1388,380000,4,دنده ای,سالم,سالم و پلمپ,رنگ شدگی در 3 ناحیه,دارد,,تبریز
206,2,سفید,1390,200000,9,دنده ای,سالم,سالم و پلمپ,رنگ شدگی در 2 ناحیه,دارد,350000000,تبریز
206,2,سفید,1387,250000,8,دنده ای,سالم,سالم و پلمپ,سالم و بی خط و خش,دارد,345000000,تبریز
206,2,سفید,1395,120000,12,دنده ای,سالم, سالم و پلمپ,سالم و بی خط و خش,دارد,260000000,ساری
206,2,سفید,1389,360000,8,دنده ای,سالم,سالم و پلمپ,سالم و بی خط و خش,دارد,400000000,ساری
206,2,خاکستری,1388,200000,12,دنده ای,سالم,سالم و پلمپ,سالم و بی خط و خش,دارد,383000000,ساری
206,2,سفید,1399,90000,ندارد,دنده ای,,,,دارد,545000000,ساری
206,2,سفید,1383,488460,12,دنده ای,سالم,سالم و پلمپ,سالم و بی خط و خش,دارد,250000000,ساری
206,2,سفید,1384,300000,6,دنده ای,سالم,سالم و پلمپ,سالم و بی خط و خش,دارد,270000000,ساری
206,2,سفید,1389,220000,ندارد,دنده ای,سالم,سالم و پلمپ,سالم و بی خط و خش,دارد,395000000,ساری
206,2,سفید,1400,65000,12,دنده ای,سالم,سالم و پلمپ,سالم و بی خط و خش,دارد,,ساری
206,2,نقره ای,1384,300000,ندارد,دنده ای,تصادفی,سالم و پلمپ,خط و خش جزئی,دارد,183000000,سیرجان
206,2,نقره ای,1385,350000,6,دنده ای,سالم,سالم و پلمپ,رنگ شدگی در 3 ناحیه,دارد,230000000,سیرجان
206,2,دلفینی,1388,218000,12,دنده ای,سالم,سالم و پلمپ,رنگ شدگی در 1 ناحیه,دارد,300000000,سیرجان
206,2,سفید,1390,320000,10,دنده ای,سالم,سالم و پلمپ,سالم و بی خط و خش,دارد,349000000,سیرجان
206,2,سفید,1396,160000,5,دنده ای,سالم,سالم و پلمپ,خط و خش جزئی,دارد,460000000,سیرجان
206,2,نقره ای,1383,200000,12,دنده ای,سالم,سالم و پلمپ,خط و خش جزئی,دارد,205000000,سیرجان
206,2,سسفید صدفی,1394,200000,5,دنده ای,سالم,سالم و پلمپ,تمام رنگ,دارد,355000000,سیرجان
206,2,خاکستری,1384,250000,4,دنده ای,سالم,سالم و پلمپ,خط و خش جزئی,دارد,230000000,سیرجان
206,2,نقره ای,1383,400000,8,دنده ای,سالم,سالم و پلمپ,رنگ شدگی در 2 ناحیه,دارد,239000000,سیرجان
206,2,نوک مدادی,1389,180000,12,دنده ای,سالم,سالم و پلمپ,سالم و بی خط و خش,دارد,400000000,سیرجان
206,2,سفید,1397,150000,ندارد,دنده ای,سالم,سالم و پلمپ,سالم و بی خط و خش,دارد,465000000,مشهد
206,2,خاکستری,1385,492000,6,دنده ای,سالم,سالم و پلمپ,رنگ شدگی در 2 ناحیه,دارد,265000000,مشهد
206,2,سفید,1396,109000,9,دنده ای,سالم,سالم و پلمپ,سالم و بی خط و خش,دارد,493000000,مشهد
206,2,سفید,1400,23500,6,دنده ای,سالم,سالم و پلمپ,سالم و بی خط و خش,دارد,630000000,مشهد
206,2,سفید,1387,300000,ندارد,دنده ای,سالم,سالم و پلمپ,سالم و بی خط و خش,دارد,345000000,مشهد
206,2,سفید,1396,102000,9,دنده ای,سالم,سالم و پلمپ,خط و خش جزئی,دارد,456900000,مشهد
206,2,سفید,1395,139000,8,دنده ای,سالم,سالم و پلمپ,سالم و بی خط و خش,دارد,477000000,مشهد
206,2,سفید,1401,52000,12,دنده ای,سالم,سالم و پلمپ,سالم و بی خط و خش,دارد,650000000,مشهد
206,2,سفید,1391,270000,6,دنده ای,سالم,سالم و پلمپ,دور رنگ,دارد,355000000,مشهد
206,2,سفید,1401,59000,6,دنده ای,سالم,سالم و پلمپ,رنگ شدگی در 3 ناحیه,دارد,550000000,مشهد
206,2,سفید,1401,40000,2,دنده ای,سالم,سالم و پلمپ,سالم و بی خط و خش,دارد,590000000,تهران
206,2,سفید,1389,220000,6,دنده ای,سالم,سالم و پلمپ,رنگ شدگی در 2 ناحیه,دارد,330000000,تهران
206,2,سفید,1396,109000,9,دنده ای,سالم,سالم و پلمپ,سالم و بی خط و خش,دارد,493000000,تهران
206,2,سفید,1400,23500,6,دنده ای,سالم,سالم و پلمپ,سالم و بی خط و خش,دارد,630000000,تهران
206,2,سفید,1387,300000,1,دنده ای,سالم,سالم و پلمپ,سالم و بی خط و خش,دارد,345000000,تهران
206,2,سفید,1396,102000,9,دنده ای,سالم,سالم و پلمپ,خط و خش جزئی,دارد,456900000,تهران
206,2,سفید,1398,94000,8,دنده ای,سالم,سالم و پلمپ,سالم و بی خط و خش,دارد,540000000,تهران
206,2,سفید,1399,120000,9,دنده ای,سالم,سالم و پلمپ,سالم و بی خط و خش,دارد,555000000,تهران
206,2,سفید,1391,270000,6,دنده ای,سالم,سالم و پلمپ,دور رنگ,دارد,355000000,تهران
206,2,سفید,1401,59000,6,دنده ای,سالم,سالم و پلمپ,رنگ شدگی در 3 ناحیه,دارد,550000000,تهران
206,2,سفید,1401,38000,2,دنده,سالم,سالم و پلمپ,سالم و بی خط و خش,دارد,620000000,لاهیجان
206,2,دلفینی,1389,250000,6,دنده,سالم,ضربه,سالم و بی خط و خش,دارد,3400000,لاهیجان
206,2,سفید,1401,104000,8,دنده,سالم,سالم و پلمپ,سالم و بی خط و خش,دارد,590000000,لاهیجان
206,2,دلفینی,1389,250000,12,دنده,سالم,سالم و پلمپ,دور رنگ,دارد,340000000,لاهیجان
206,2,خاکستری,1393,316000,5,دنده,سالم,سالم و پلمپ,رنگ,دارد,375000000,لاهیجان
206,2,خاکستری,1399,300000,4,دنده,سالم,تعیین,دور رنگ,دارد,260000000,لاهیجان
206,2,سفید,1400,135000,6,دنده,سالم,سالم و پلمپ,سالم و بی خط و خش,دارد,565000000,لاهیجان
206,2,نوک مدادی,1388,300000,5,دنده,سالم,سالم و پلمپ,خط و خش جزئی,دارد,295000000,لاهیجان
206,2,سفید,1395,37000,5,دنده,سالم,سالم و پلمپ,سالم و بی خط و خش ,دارد,635000000,لاهیجان
206,2,سفید,1399,104000,5,دنده,سالم,سالم و پلمپ,سالم و بی خط و خش ,دارد,375000000,لاهیجان
206,2,خاکستری,1389,349000,6,دنده ای,سالم,ضربه ,دور رنگ,دارد,300000000,ماهدشت
206,2,نقره ای,1383,467000,ندارد,دنده ای,سالم,سالم و پلمپ,سالم و بی خط و خش,دارد,255000000,ماهدشت
206,2,سفید,1394,133000,6,دنده ای,سالم,سالم و پلمپ,سالم و بی خط و خش,دارد,470000000,ماهدشت
206,2,سفید,1397,178000,1,دنده ای,سالم,سالم و پلمپ,خط و خش جزئی,دارد,460000000,ماهدشت
206,2,بژ,1383,385000,11,دنده ای,سالم,سالم و پلمپ,دور رنگ,دارد,238000000,ماهدشت
206,2,سفید,1401,69000,4,دنده ای,سالم,سالم و پلمپ,سالم و بی خط و خش,دارد,650000000,ماهدشت
206,2,سفید,1396,170000,3,دنده ای,سالم,سالم و پلمپ,رنگ شدگی در 4 ناحیه,دارد,440000000,ماهدشت
206,2,سفید,1389,300000,5,دنده ای,سالم,سالم و پلمپ,خط و خش جزئی,دارد,310000000,ماهدشت
206,2,سفید صدفی,1398,75000,5,دنده ای,سالم,سالم و پلمپ,سالم و بی خط و خش,دارد,520000000,ماهدشت
206,2,مشکی,1382,400000,12,دنده ای,سالم,سالم و پلمپ,دور رنگ,دارد,229000000,ماهدشت
206,2,سفید,1390,270000,1,دنده ای,سالم,سالم و پلمپ,خط و خش جزئی,دارد,340000000,بیرجند
206,2,مشکی,1399,107000,6,دنده ای,سالم,سالم و پلمپ,سالم و بی خط و خش,دارد,558000000,بیرجند
206,2,نقره ای,1395,350000,11,دنده ای,,سالم و پلمپ,خط و خش جزئی,دارد,265000000,بیرجند
206,2,سفید,1390,270000,2,دنده ای,سالم,سالم و پلمپ,سالم و بی خط و خش,دارد,398000000,بیرجند
206,2,سفید,1390,330000,12,دنده ای,سالم,سالم و پلمپ,سالم و بی خط و خش,دارد,395000000,بیرجند
206,2,سفید,1399,78000,6,دنده ای,سالم,سالم و پلمپ,سالم و بی خط و خش,دارد,553000000,بیرجند
206,2,سفید,1400,46600,6,دنده ای,سالم,سالم و پلمپ,سالم و بی خط و خش,دارد,600000000,بیرجند
206,2,مشکی,1381,450000,10,دنده ای,سالم,سالم و پلمپ,سالم و بی خط و خش,دارد,250000000,بیرجند
206,2,نقره ای,1384,450000,6,دنده ای,سالم,سالم و پلمپ,سالم و بی خط و خش,دارد,268000000,بیرجند
206,2,سفید,1389,260000,6,دنده ای,سالم,ضربه ,تمام رنگ,دارد,350000000,بیرجند
206,2,نقره ای,1383,400000,10,دنده ای,سالم,سالم و پلمپ,دور رنگ,دارد,273000000,تبریز
206,2,سفید,1391,220000,4,دنده ای,سالم,سالم و پلمپ,سالم و بی خط و خش,دارد,405000000,تبریز
206,2,سفید,1397,105000,3,دنده ای,سالم,سالم و پلمپ,سالم و بی خط و خش,دارد,473000000,تبریز
206,2,یشمی,1382,400000,1,دنده ای,سالم,سالم و پلمپ,تمام رنگ,دارد,130000000,تبریز
206,2,نقرآبی,1383,316235,2,دنده ای,سالم,سالم و پلمپ,دور رنگ,دارد,250000000,تبریز
206,2,سفید,1401,58000,6,دنده ای,سالم,سالم و پلمپ,سالم و بی خط و خش,دارد,605000000,تبریز
206,2,مشکی,1388,390000,11,دنده ای,سالم,,دور رنگ,دارد,300000000,تبریز
206,2,گیلاسی,1401,47800,6,دنده ای,سالم,سالم و پلمپ,سالم و بی خط و خش,دارد,638000000,تبریز
206,2,سفید,1401,0,4,دنده ای,سالم,سالم و پلمپ,سالم و بی خط و خش,دارد,705000000,تبریز
206,2,بژ,1383,500000,10,دنده ای,تصادفی,سالم و پلمپ,دور رنگ,دارد,220000000,تبریز
206,2,خاکستری,1389,320000,11,دنده ای,تصادفی,سالم و پلمپ,رنگ شدگی در 4 ناحیه,دارد,267000000,تبریز
206,2,نقره ای,1383,57057,9,دنده ای,تعویضی,سالم و پلمپ,دور رنگ,دارد,295000000,تبریز
206,2,سفید,1397,130000,10,دنده ای,سالم,ضربه خورده,رنگ شدگی در 5 ناحیه,دارد,420000000,تبریز
206,2,خاکستری,1384,460000,1,دنده ای,سالم,سالم و پلمپ,سالم و بی خط و خش,دارد,278000000,تبریز
206,2,مشکی,1380,40000,12,دنده ای,سالم,سالم و پلمپ,دور رنگ,دارد,185000000,تبریز
206,2,سفید,1388,293000,6,دنده ای,سالم,سالم و پلمپ,دور رنگ,دارد,345000000,تهران
206,2,سفید,1400,65000,10,دنده ای,سالم,سالم و پلمپ,خط و خش جزئی,دارد,640000000,تهران
206,2,مشکی,1384,235000,4,دنده ای,سالم,سالم و پلمپ,دور رنگ,دارد,225000000,تهران
206,2,نقره ای,1383,245000,11,دنده ای,سالم,سالم و پلمپ,دور رنگ,دارد,245000000,تهران
206,2,سفید,1387,100000,8,دنده ای,سالم,سالم و پلمپ,خط و خش جزئی,دارد,400000000,تهران
206,2,سفید,1391,200000,3,دنده ای,سالم,ضربه خورده,تمام رنگ,دارد,320000000,تهران
206,2,سفید,1388,230000,2,دنده ای,سالم,سالم و پلمپ,خط و خش جزئی,دارد,365000000,تهران
206,2,بژ,1383,400000,5,دنده ای,سالم,سالم و پلمپ,رنگ شدگی در 1 ناحیه,دارد,247000000,تهران
206,2,مشکی,1389,246000,4,دنده ای,سالم,سالم و پلمپ,خط و خش جزئی,دارد,370000000,تهران
206,2,سفید,1398,164000,10,دنده ای,سالم,سالم و پلمپ,خط و خش جزئی,دارد,520000000,تهران
206,2,سفید,1401,130000,4,دنده ای,سالم,سالم و پلمپ,سالم و بی خط و خش,دارد,720000000,تهران
206,2,سفید,1401,60000,10,دنده ای,سالم,سالم و پلمپ,سالم و بی خط و خش,دارد,630000000,بوشهر
206,2,سفید,1400,102000,8,دنده ای,سالم,سالم و پلمپ,سالم و بی خط و خش,دارد,565000000,بوشهر
206,2,مشکی,1398,180000,5,دنده ایی,سالم,ضربه خورده,سالم و بی خط و خش,دارد,500000000,بوشهر
206,2,خاکستری,1388,450000,8,دنده ای,سالم,سالم و پلمپ,دور رنگ,دارد,340000000,بوشهر
206,2,البالویی,1389,270000,7,دنده ای,سالم,سالم و پلمپ,خط و خش جزئی,دارد,320000000,بوشهر
206,2,نقره ای,1386,320000,ندارد,دنده ای,تعویضی,ضربه خورده,رنگ شدگی در  ناحیه,دارد,320000000,بوشهر
206,2,بنفش,1398,162000,7,دنده ای,سالم,سالم و پلمپ,خط و خش جزئی,دارد,510000000,بوشهر
206,2,سفید,1391,250000,6,دنده ای,سالم,سالم و پلمپ,رنگ شدگی در 1 ناحیه,دارد,400000000,بوشهر
206,2,یشمی,1381,480000,8,دنده ای,تعویضی,سالم و پلمپ,دور رنگ,دارد,190000000,بوشهر
206,2,ذغالی,1391,200000,12,دنده ای,سالم,ضربه خورده,دور رنگ,دارد,300000000,بوشهر
206,2,نقره ای,1380,300000,6,دنده ای,سالم,سالم و پلمپ,تمام رنگ,دارد,195000000,زاهدان
206,2,سفید,1384,350000,6,دنده ای,سالم,سالم و پلمپ,دور رنگ,دارد,198000000,زاهدان
206,2,نقره ای,1382,330000,11,دنده ای,سالم,سالم و پلمپ,تمام رنگ,دارد,225000000,زاهدان
206,2,سفید,1387,260000,5,دنده ای,سالم,سالم و پلمپ,رنگ شدگی در 2 ناحیه,دارد,275000000,زاهدان
206,2,سفید,1400,8000,11,دنده ای,سالم,سالم و پلمپ,سالم و بی خط و خش,دارد,639000000,زاهدان
206,2,سفید,1401,51000,4,دنده ای,سالم,سالم و پلمپ,خط و خش جزئی,دارد,620000000,زاهدان
206,2,سفید,1398,30000,3,دنده ای,سالم,سالم و پلمپ,سالم و بی خط و خش,دارد,600000000,زاهدان
206,2,مشکی,1380,410000,8,دنده ای,سالم,سالم و پلمپ,تمام رنگ,دارد,190000000,زاهدان
206,2,سفید,1397,100000,12,دنده ای,سالم,سالم و پلمپ,سالم و بی خط و خش,دارد,525000000,زاهدان
206,2,یشمی,1381,300000,10,دنده ای,سالم,سالم و پلمپ,خط و خش جزئی,دارد,195000000,زاهدان
206,2,خاکستری,1389,218٬000,6,دنده,سالم,سالم و پلمپ,سالم و بی خط و خش,دارد,۳۹۸٬۰۰۰٬۰۰۰,تبریز
206,2,سفید صدفی,1389,۳۲۰٬۰۰۰,8,دنده,سالم,سالم و پلمپ,سالم و بی خط و خش,دارد,۳۷۰٬۰۰۰٬۰۰۰,تبریز
206,2,سفید صدفی,1396,۱۴۰٬۰۰۰,6,دنده,سالم,سالم و پلمپ ,سالم و بی خط و خش,دارد,۵۱۳٬۰۰۰٬۰۰۰,تبریز
206,2,سفید,1395,۲۵۰٬۰۰۰,12,دنده,سالم,سالم و پلمپ ,سالم و بی خط و خش,دارد,۴۷۰٬۰۰۰٬۰۰۰,تبریز
206,2,آبی,1395,۱۵۹٬۰۰۰,9,دنده,سالم,سالم و پلمپ,خط و خش جزئی,دارد,۴۴۰٬۰۰۰٬۰۰,تبریز
206,2,بژ,1385,۲۵۰٬۰۰۰,4,دنده,سالم,سالم و پلمپ ,تمام ,دارد,۲۲۵٬۰۰۰٬۰۰۰,تبریز
206,2,سفید,1389,۲۰۰٬۰۰۰,11,دنده,سالم,سالم و پلمپ ,سالم و بی خط و خش,دارد,۳۵۳٬۰۰۰٬۰۰۰,تبریز
206,2,سفید,1389,۲۳۹٬۰۰۰,11,دنده,سالم,سالم و پلمپ,خط و خش جزئی,دارد,۳۷۵٬۰۰۰٬۰۰۰,تبریز
206,2,سفید,1389,۳۰۰٬۰۰۰,3,دنده,سالم,,خط و خش جزئی,دارد,۳۵۵٬۰۰۰٬۰۰۰,تبریز
206,2,خاکستری,1383,۳۵۰٬۰۰۰,11,دنده,سالم,سالم و پلمپ,خط و خش جزئی,دارد,۲۱۷٬۰۰۰٬۰۰۰,تبریز
206,2,نقره,1383,۱۱۱٬۱۱۱,11,دنده,سالم, سالم و پلمپ,دور رنگ,دارد,۲۳۰٬۰۰۰٬۰۰۰,یزد
206,2,نقره,1384,۴۰۰٬۰۰۰,6,دنده,سالم,سالم و پلمپ,سالم و بی خط و خش,ندارد,۲۶۵٬۰۰۰٬۰۰۰,یزد
206,2,سفید,1388,۱۴۲٬۰۰۰,6,دنده,سالم,سالم و پلمپ,رنگ ,دارد,۱۴۰٬۰۰۰٬۰۰۰,یزد
206,2,نقره,1383,۳۵۰٬۰۰۰,ندارد,دنده,سالم,سالم و پلمپ,خط و خش جزئی,دارد,۲۶۰٬۰۰۰٬۰۰۰,یزد
206,2,سفید,1399,۵۹٬۰۰۰,11,دنده,سالم,سالم و پلمپ,سالم و بی خط و خش,دارد,۶۰۰٬۰۰۰٬۰۰۰,یزد
206,2,دلفینی,1388,۳۲۹٬۰۰۰,6,دنده,سالم,سالم و پلمپ,خط و خش جزئی,دارد,۳۱۵٬۰۰۰٬۰۰۰,یزد
206,2,دلفینی,1383,۵۰۰٬۰۰۰,12,دنده,سالم,سالم و پلمپ,دور رنگ,دارد,۲۷۰٬۰۰۰٬۰۰۰,یزد
206,2,نقره,1385,۲۸۵٬۰۰۰,5,دنده,سالم,ضربه ,رنگ ,دارد,۲۱۵٬۰۰۰٬۰۰۰,یزد
206,2,نقره,1384,۴۲۵٬۶۵۵,7,دنده,سالم,ضربه ,دور رنگ,دارد,۱۵۵٬۰۰۰٬۰۰۰,یزد
206,2,بژ,1384,۳۷۰٬۰۰۰,10,دنده,سالم,سالم و پلمپ,خط و خش جزئی,دارد,۲۶۹٬۰۰۰٬۰۰۰,یزد
206,2,سفید,1400,48000,6,دنده ای,سالم,سالم و پلمپ,سالم و بی خط و خش,دارد,600000000,رشت
206,2,سفید,1391,147000,6,دنده ای,سالم,سالم و پلمپ,سالم و بی خط و خش,دارد,455000000,رشت
206,2,سفید,1388,290000,5,دنده ای,سالم,سالم و پلمپ,دور رنگ,ندارد,340000000,رشت
206,2,سفید,1401,46000,8,دنده ای,سالم,سالم و پلمپ,سالم و بی خط و خش,دارد,635000000,رشت
206,2,سفید,1394,180000,ندارد,دنده ای,,,رنگ شدگی در 2 ناحیه,دارد,410000000,رشت
206,2,سفید,1389,174000,7,دنده ای,سالم,سالم و پلمپ,سالم و بی خط و خش,دارد,380000000,رشت
206,2,نقره ای,1386,300000,6,دنده ای,تعویضی,ضربه خورده,تصادفی,دارد,120000000,رشت
206,2,سفید,1388,200000,5,دنده ای,سالم,سالم و پلمپ,سالم و بی خط و خش,دارد,388000000,رشت
206,2,سفید,1400,45000,3,دنده ای,سالم,سالم و پلمپ,سالم و بی خط و خش,دارد,612000000,رشت
206,2,بژ,1384,111111,7,دنده ای,سالم,سالم و پلمپ,سالم و بی خط و خش,دارد,252000000,رشت
206,2,سفید,1400,80000,ندارد,دنده ای,سالم,سالم و پلمپ,سالم و بی خط و خش,دارد,640000000,سمنان
206,2,سفید,1400,100000,8,دنده ای,سالم,سالم و پلمپ,سالم و بی خط و خش,دارد,575000000,سمنان
206,2,مشکی,1399,180000,5,دنده ای,سالم, سالم و پلمپ,سالم و بی خط و خش,دارد,545000000,سمنان
206,2,نقره ای,1388,530000,6,دنده ای,سالم,ضربه خورده,دور رنگ,دارد,310000000,سمنان
206,2,قرمز,1389,270000,8,دنده ای,سالم,سالم و پلمپ,رنگ شدگی در 1 ناحیه,دارد,345000000,سمنان
206,2,خاکستری,1386,320000,ندارد,دنده ای,تعویضی,ضربه خورده,رنگ شدگی در 1 ناحیه,دارد,285000000,سمنان
206,2,مشکی,1389,460000,11,دنده ای,سالم,سالم و پلمپ,خط و خش جزئی,دارد,490000000,سمنان
206,2,سفید,1392,250000,8,دنده ای,تعویضی,سالم و پلمپ,سالم و بی خط و خش,دارد,500000000,سمنان
206,2,بنفش,1382,490000,8,دنده ای,تعویضی,سالم و پلمپ,دور رنگ,دارد,190000000,سمنان
206,2,سفید,1391,300000,9,دنده ای,سالم,ضربه خورده,دور رنگ,دارد,300000000,سمنان
206,2,سفید,1394,"177,680",4,دنده ای,سالم,سالم و پلمپ,سالم و بی خط و خش,دارد,445000000,شیراز
206,2,سفید,1390,"245,000",11,دنده ای,سالم,سالم و پلمپ,دور رنگ,دارد,400000000,ارومیه
206,2,سفید,1396,"109,000",9,دنده ای,سالم,سالم و پلمپ,سالم و بی خط و خش,دارد,493000000,مشهد
206,2,نوک مدادی,1384,"290,000",6,دنده ای,سالم,سالم و پلمپ,خط و خش جزئی,دارد,274000000,قم
206,2,نقره ای,1385,"440,000",1,دنده ای,سالم,سالم و پلمپ,رنگ شدگی در 2 ناحیه,دارد,265000000,شیراز
206,2,مشکی,1395,"150,000",12,دنده ای,سالم,سالم و پلمپ,سالم و بی خط و خش,دارد,480000000,کرج
206,2,خاکستری,1382,"229,350",5,دنده ای,سالم,,دور رنگ,دارد,280000000,مشهد
206,2,نقره ای,1382,"200,000",10,دنده ای,سالم,سالم و پلمپ,تمام رنگ,دارد,259000000,اصفهان
206,2,سفید,1397,"131,000",ندارد,دنده ای,سالم,سالم و پلمپ,سالم و بی خط و خش,دارد,410000000,ابادان
206,2,خاکستری,1382,"250,000",12,دنده ای,سالم,سالم و پلمپ,دور رنگ,دارد,255000000,بوشهر
206,2,نوک مدادی,1388,260000,10,دنده ای,سالم,سالم و پلمپ,سالم و بی خط و خش,دارد,34000000,تبریز
206,2,نقره ای,1385,200000,3,دنده ای,سالم,سالم و پلمپ,سالم و بی خط و خش,دارد,265000000,تبریز
206,2,سفید,1387,22000,7,دنده ای,سالم,سالم و پلمپ,سالم و بی خط و خش,دارد,365000000,تبریز
206,2,سفید,1386,333233,1,دنده ای,سالم,سالم و پلمپ,سالم و بی خط و خش,دارد,307000000,تبریز
206,2,نوک مدادی,1384,275000,6,دنده ای,سالم,سالم و پلمپ,خط و خش جزئی,دارد,257000000,تبریز
206,2,نقره ای,1386,350000,6,دنده ای,سالم,سالم و پلمپ,رنگ شده در ۴ ناحیه,دارد,290000000,تبریز
206,2,خاکستری,1385,357000,10,دنده ای,سالم,سالم و پلمپ,رنگ شدگی در 2 ناحیه,دارد,255000000,تبریز
206,2,نقره ای,1382,350000,1,دنده ای,سالم,سالم و پلمپ,رنگ شدگی در 2 ناحیه,دارد,201000000,تبریز
206,2,نقره ای,1382,400000,10,دنده ای,سالم,سالم و پلمپ,رنگ شدگی در 2 ناحیه,دارد,228000000,تبریز
206,2,سفید,1390,200000,6,دنده ای,سالم,سالم و پلمپ,خط و خش جزئی,دارد,380000000,تبریز
206,2,سفید,1388,300000,12,دنده ای,سالم,سالم و پلمپ,تمام رنگ,دارد,360000000,بوشهر
206,2,سفید,1398,64000,8,دنده ای,سالم,سالم و پلمپ,سالم و بی خط و خش,دارد,540000000,بوشهر
206,2,سفید,1382,144000,6,دنده ای,سالم,سالم و پلمپ,دور رنگ,دارد,245000000,بوشهر
206,2,خاکستری,1382,250000,12,دنده ای,سالم,سالم و پلمپ,دور رنگ,دارد,255000000,بوشهر
206,2,سفید,1399,130000,12,دنده ای,سالم,سالم و پلمپ,سالم و بی خط و خش,دارد,555000000,بوشهر
206,2,سفید,1396,125000,6,دنده ای,سالم,سالم و پلمپ,سالم و بی خط و خش,دارد,475000000,بوشهر
206,2,سفید,1395,180000,11,دنده ای,سالم,سالم و پلمپ,سالم و بی خط و خش,دارد,455000000,بوشهر
206,2,نقره ای,1383,300000,11,دنده ای,سالم,سالم و پلمپ,تمام رنگ,دارد,184000000,بوشهر
206,2,نقره ای,1385,250000,6,دنده ای,سالم,سالم و پلمپ,خط و خش جزئی,دارد,322000000,بوشهر
206,2,سفید,1389,293000,5,دنده ای,سالم,سالم و پلمپ,رنگ شدگی در 5 ناحیه,دارد,310000000,گرگان
206,2,مشکی,1396,130000,4,دنده ای,سالم,سالم و پلمپ,رنگ شدگی در 3 ناحیه,دارد,468000000,گرگان
206,2,سفید,1389,44440,10,دنده ای,سالم,سالم و پلمپ,سالم و بی خط و خش,دارد,370000000,گرگان
206,2,سفید,1396,90000,ندارد,دنده ای,سالم,سالم و پلمپ,سالم و بی خط و خش,دارد,520000000,گرگان
206,2,نقره ای,1382,350000,8,دنده ای,سالم,سالم و پلمپ,دور رنگ,دارد,268000000,گرگان
206,2,خاکستری,1398,92000,6,دنده ای,سالم,سالم و پلمپ,سالم و بی خط و خش,دارد,545000000,گرگان
206,2,مشکی,1397,300000,10,دنده ای,سالم,سالم و پلمپ,رنگ شدگی در 1 ناحیه,دارد,315000000,گرگان
206,2,خاکستری,1401,85000,4,دنده ای,سالم,سالم و پلمپ,سالم و بی خط و خش,دارد,600000000,گرگان
206,2,سفید,1399,82000,6,دنده ای,سالم,سالم و پلمپ,سالم و بی خط و خش,دارد,580000000,گرگان
206,2,نقره ای,1383,300000,3,دنده ای,سالم,سالم و پلمپ,دور رنگ,دارد,200000000,گرگان
206,2,سفید,1383,211000,1,دنده ای,سالم,سالم و پلمپ,سالم و بی خط و خش,دارد,285000000,تهران
206,2,طوسی,1395,120000,11,دنده ای,سالم,سالم و پلمپ,سالم و بی خط و خش,دارد,415000000,تهران
206,2,نقره,1398,114000,10,دنده ای,سالم,سالم و پلمپ,سالم و بی خط و خش,دارد,500000000,تهران
206,2,آبی,1397,173000,2,دنده ای,سالم,سالم و پلمپ,سالم و بی خط و خش,دارد,450000000,تهران
206,2,قرمز,1398,70000,7,دنده ای,سالم,سالم و پلمپ,سالم و بی خط و خش,دارد,530000000,تهران
206,2,نوک مدادی,1384,300000,9,دنده ای,سالم,سالم و پلمپ,سالم و بی خط و خش,دارد,290000000,تهران
206,2,قرمز,1401,60000,10,دنده ای,سالم,سالم و پلمپ,سالم و بی خط و خش,دارد,610000000,تهران
206,2,مشکی,1382,500000,7,دنده ای,سالم,سالم و پلمپ,سالم و بی خط و خش,دارد,235000000,تهران
206,2,سفید,1399,108000,5,دنده ای,سالم,سالم و پلمپ,سالم و بی خط و خش,دارد,480000000,جم
206,2,نقره,1383,260000,3,دنده ای,سالم,سالم و پلمپ,سالم و بی خط و خش,دارد,,جم
206,2,مشکی,1396,180000,6,دنده ای,سالم,سالم و پلمپ,رنگ شدگی در 1 ناحیه,دارد,300000000,جم
206,2,سفید,1395,135000,4,دنده ای,سالم,سالم و پلمپ,سالم و بی خط و خش,دارد,475000000,جم
206,2,طوسی,1400,102000,7,دنده ای,سالم,سالم و پلمپ,سالم و بی خط و خش,دارد,440000000,جم
206,2,قرمز,1399,90000,2,دنده ای,سالم,سالم و پلمپ,سالم و بی خط و خش,دارد,565000000,جم
206,2,نوک مدادی,1388,255555,1,دنده ای,سالم,سالم و پلمپ,رنگ شدگی در 2 ناحیه,دارد,560000000,جم
206,2,سفید,1400,85000,8,دنده ای,سالم,سالم و پلمپ,سالم و بی خط و خش,دارد,310000000,جم
206,2,نقره,1394,121000,5,دنده ای,سالم,سالم و پلمپ,سالم و بی خط و خش,دارد,570000000,جم
206,2,سفید,1396,140000,6,دنده ای,سالم,سالم و پلمپ,سالم و بی خط و خش,دارد,440000000,جم
,,,,570000,,,,,,,,